Date,open,high,low,close,volume
2023-03-23,161.06199645996094,161.82400512695312,160.6999969482422,161.06199645996094,0
2023-03-24,160.68600463867188,160.69900512695312,158.31199645996094,160.68600463867188,0
2023-03-27,159.77000427246094,161.69700622558594,159.63999938964844,159.8300018310547,0
2023-03-28,161.3699951171875,161.72300720214844,160.71299743652344,161.3699951171875,0
2023-03-29,161.5749969482422,163.45599365234375,161.50999450683594,161.5749969482422,0
2023-03-30,163.2209930419922,164.41900634765625,163.02200317382812,163.2209930419922,0
2023-03-31,164.9600067138672,165.3990020751953,164.1649932861328,164.9600067138672,0
2023-04-03,163.8280029296875,164.8730010986328,163.41900634765625,163.8280029296875,0
2023-04-04,164.33999633789062,166.343994140625,164.18699645996094,164.33999633789062,0
2023-04-05,164.2259979248047,164.65899658203125,162.80999755859375,164.2259979248047,0
2023-04-06,163.11700439453125,164.1020050048828,162.90499877929688,163.10699462890625,0
2023-04-07,163.72799682617188,164.26400756835938,163.60699462890625,163.72799682617188,0
2023-04-10,164.197998046875,165.48199462890625,164.01600646972656,164.197998046875,0
2023-04-11,165.36700439453125,166.0989990234375,165.19000244140625,165.36700439453125,0
2023-04-12,166.04400634765625,166.55599975585938,165.4409942626953,166.04400634765625,0
2023-04-13,166.2429962158203,166.80099487304688,165.4409942626953,166.2429962158203,0
2023-04-14,165.91700744628906,166.22300720214844,165.4739990234375,165.91700744628906,0
2023-04-17,166.11099243164062,166.62899780273438,165.71099853515625,166.11099243164062,0
2023-04-18,166.3509979248047,166.98300170898438,166.16700744628906,166.3509979248047,0
2023-04-19,166.52699279785156,167.93499755859375,166.4810028076172,166.52699279785156,0
2023-04-20,167.40699768066406,167.69000244140625,166.843994140625,167.40699768066406,0
2023-04-21,166.6820068359375,166.98500061035156,165.53599548339844,166.6820068359375,0
2023-04-24,166.72999572753906,167.66900634765625,166.55299377441406,166.72999572753906,0
2023-04-25,167.58399963378906,167.93299865722656,165.8769989013672,167.58399963378906,0
2023-04-26,165.9770050048828,166.9600067138672,165.63900756835938,165.9770050048828,0
2023-04-27,166.40199279785156,167.3300018310547,166.33999633789062,166.41000366210938,0
2023-04-28,167.07000732421875,171.09800720214844,166.94700622558594,167.07000732421875,0
2023-05-01,171.2519989013672,172.0749969482422,171.00999450683594,171.2519989013672,0
2023-05-02,171.68499755859375,172.3070068359375,169.94400024414062,171.68499755859375,0
2023-05-03,170.2429962158203,170.35499572753906,169.14500427246094,170.2429962158203,0
2023-05-04,169.07000732421875,169.5229949951172,168.1490020751953,169.07000732421875,0
2023-05-05,168.8280029296875,170.59800720214844,168.69000244140625,168.8280029296875,0
2023-05-08,170.7480010986328,171.05599975585938,170.2270050048828,170.7480010986328,0
2023-05-09,170.3419952392578,170.593994140625,169.86000061035156,170.3419952392578,0
2023-05-10,170.7779998779297,171.15699768066406,169.5540008544922,170.7779998779297,0
2023-05-11,169.3000030517578,169.70199584960938,167.85499572753906,169.3000030517578,0
2023-05-12,168.19000244140625,169.10899353027344,168.20199584960938,168.19000244140625,0
2023-05-15,169.09800720214844,170.42100524902344,169.0399932861328,169.09800720214844,0
2023-05-16,170.3800048828125,170.80499267578125,169.39700317382812,170.3800048828125,0
2023-05-17,170.3040008544922,171.66400146484375,170.12100219726562,170.3040008544922,0
2023-05-18,171.76600646972656,172.1320037841797,171.17999267578125,171.76600646972656,0
2023-05-19,172.04800415039062,172.4949951171875,171.2530059814453,172.04800415039062,0
2023-05-22,171.56500244140625,172.54100036621094,171.2010040283203,171.56500244140625,0
2023-05-23,172.41400146484375,172.61000061035156,171.31700134277344,172.41400146484375,0
2023-05-24,172.08700561523438,172.7239990234375,171.26100158691406,172.08700561523438,0
2023-05-25,172.29600524902344,172.7511749267578,172.00999450683594,172.29600524902344,0
2023-05-26,172.4239959716797,173.42999267578125,172.22000122070312,172.4239959716797,0
2023-05-29,173.91700744628906,173.9010009765625,172.92999267578125,173.91700744628906,0
2023-05-30,173.4199981689453,174.26699829101562,173.0030059814453,173.4199981689453,0
2023-05-31,173.49200439453125,173.60699462890625,172.52000427246094,173.49200439453125,0
2023-06-01,173.15499877929688,174.09500122070312,173.052001953125,173.15499877929688,0
2023-06-02,173.77699279785156,174.656005859375,173.74899291992188,173.77699279785156,0
2023-06-05,174.26300048828125,174.3040008544922,172.88999938964844,174.26300048828125,0
2023-06-06,173.26699829101562,173.7429962158203,172.6750030517578,173.26699829101562,0
2023-06-07,173.38699340820312,174.343994140625,172.68099975585938,173.38699340820312,0
2023-06-08,174.08799743652344,174.4810028076172,173.89999389648438,174.08799743652344,0
2023-06-09,174.3769989013672,175.531005859375,174.4290008544922,174.3769989013672,0
2023-06-12,175.3280029296875,175.74899291992188,174.36399841308594,175.3280029296875,0
2023-06-13,174.5229949951172,176.63900756835938,174.46499633789062,174.5229949951172,0
2023-06-14,176.6790008544922,177.12899780273438,176.4499969482422,176.6790008544922,0
2023-06-15,177.32400512695312,179.33900451660156,177.33399963378906,177.32400512695312,0
2023-06-16,179.3260040283203,181.7239990234375,178.8249969482422,179.3260040283203,0
2023-06-19,181.97999572753906,182.05999755859375,181.2220001220703,181.97999572753906,0
2023-06-20,181.531005859375,182.03199768066406,179.95799255371094,181.531005859375,0
2023-06-21,180.39700317382812,181.55999755859375,179.95899963378906,180.39700317382812,0
2023-06-22,180.93800354003906,182.1959991455078,180.73699951171875,180.93800354003906,0
2023-06-23,182.2989959716797,182.79299926757812,181.31900024414062,182.2989959716797,0
2023-06-26,182.70799255371094,182.97000122070312,181.6999969482422,182.70799255371094,0
2023-06-27,182.3520050048828,183.677001953125,182.21800231933594,182.3520050048828,0
2023-06-28,183.3509979248047,183.57899475097656,182.16900634765625,183.3509979248047,0
2023-06-29,182.5189971923828,182.8560028076172,182.2169952392578,182.5189971923828,0
2023-06-30,182.6300048828125,183.8560028076172,182.17999267578125,182.6300048828125,0
2023-07-03,183.27699279785156,183.7449951171875,183.08599853515625,183.27699279785156,0
2023-07-04,183.49000549316406,183.89700317382812,183.2550048828125,183.49000549316406,0
2023-07-05,183.61000061035156,183.9739990234375,183.17100524902344,183.61000061035156,0
2023-07-06,183.52999877929688,183.99400329589844,182.5,183.52999877929688,0
2023-07-07,183.41099548339844,183.53500366210938,182.0229949951172,183.41099548339844,0
2023-07-10,182.56900024414062,183.2030029296875,181.10299682617188,182.56900024414062,0
2023-07-11,181.73300170898438,181.97500610351562,180.83599853515625,181.73300170898438,0
2023-07-12,181.19700622558594,181.16900634765625,179.52999877929688,181.19700622558594,0
2023-07-13,179.73199462890625,181.42599487304688,179.4969940185547,179.73199462890625,0
2023-07-14,181.2530059814453,182.2519989013672,180.25100708007812,181.2530059814453,0
2023-07-17,181.531005859375,182.1199951171875,180.6009979248047,181.531005859375,0
2023-07-18,181.3300018310547,181.7899932861328,180.4040069580078,181.3300018310547,0
2023-07-19,181.20899963378906,181.6060028076172,179.843994140625,181.20899963378906,0
2023-07-20,180.58200073242188,180.7030029296875,179.73199462890625,180.58200073242188,0
2023-07-21,180.01400756835938,182.50900268554688,179.9340057373047,180.01400756835938,0
2023-07-24,182.18499755859375,182.32400512695312,180.8159942626953,182.18499755859375,0
2023-07-25,181.27999877929688,181.98599243164062,181.16700744628906,181.27999877929688,0
2023-07-26,181.68099975585938,181.9080047607422,180.91099548339844,181.68099975585938,0
2023-07-27,181.4429931640625,181.90199279785156,180.81700134277344,181.4429931640625,0
2023-07-28,177.65199279785156,181.11399841308594,176.4029998779297,177.65199279785156,0
2023-07-31,180.91700744628906,183.17599487304688,180.8699951171875,180.91700744628906,0
2023-08-01,182.6479949951172,183.22799682617188,182.58399963378906,182.6479949951172,0
2023-08-02,182.89700317382812,183.1219940185547,181.75599670410156,182.89700317382812,0
2023-08-03,182.31500244140625,182.74200439453125,180.48300170898438,182.31500244140625,0
2023-08-04,181.31399536132812,181.71299743652344,180.7530059814453,181.31399536132812,0
2023-08-07,180.85400390625,181.89300537109375,180.58200073242188,180.85400390625,0
2023-08-08,182.14700317382812,182.94500732421875,181.39999389648438,182.14700317382812,0
2023-08-09,182.52000427246094,183.00599670410156,182.3769989013672,182.52000427246094,0
2023-08-10,182.8070068359375,184.20599365234375,182.6999969482422,182.8070068359375,0
2023-08-11,183.51300048828125,184.22900390625,183.43499755859375,183.51300048828125,0
2023-08-14,183.83700561523438,184.4340057373047,183.45599365234375,183.83700561523438,0
2023-08-15,184.4499969482422,185.29100036621094,184.35400390625,184.4499969482422,0
2023-08-16,184.9290008544922,186.02200317382812,184.67999267578125,184.9290008544922,0
2023-08-17,186.2270050048828,186.468994140625,185.7899932861328,186.2270050048828,0
2023-08-18,185.7449951171875,185.86900329589844,184.5679931640625,185.7449951171875,0
2023-08-21,185.1359405517578,186.3560028076172,184.88099670410156,185.1359405517578,0
2023-08-22,186.5989990234375,186.74899291992188,185.57000732421875,186.5989990234375,0
2023-08-23,185.572998046875,185.91600036621094,183.3979949951172,185.572998046875,0
2023-08-24,184.02200317382812,184.73800659179688,184.0,184.02200317382812,0
2023-08-25,183.9290008544922,184.3520050048828,183.39100646972656,183.9290008544922,0
2023-08-28,184.46299743652344,184.6320037841797,184.17999267578125,184.46299743652344,0
2023-08-29,184.6959991455078,185.2469940185547,184.10499572753906,184.6959991455078,0
2023-08-30,184.468994140625,185.7220001220703,184.40899658203125,184.468994140625,0
2023-08-31,185.69400024414062,185.7969970703125,184.40362548828125,185.69400024414062,0
2023-09-01,184.33200073242188,184.53900146484375,183.53900146484375,184.33200073242188,0
2023-09-04,183.8800048828125,185.0679931640625,183.875,183.8800048828125,0
2023-09-05,184.92999267578125,185.75999450683594,184.07200622558594,184.92999267578125,0
2023-09-06,185.35499572753906,185.58999633789062,184.281005859375,185.35499572753906,0
2023-09-07,184.60800170898438,184.74899291992188,183.38600158691406,184.60800170898438,0
2023-09-08,183.77999877929688,184.44900512695312,183.17599487304688,183.77999877929688,0
2023-09-11,183.71499633789062,183.8939971923828,182.6699981689453,183.71499633789062,0
2023-09-12,183.4510040283203,183.86300659179688,182.9770050048828,183.4510040283203,0
2023-09-13,183.7989959716797,184.36099243164062,183.2050018310547,183.7989959716797,0
2023-09-14,184.01100158691406,184.05599975585938,182.55999755859375,184.01100158691406,0
2023-09-15,182.87399291992188,183.89599609375,182.77000427246094,182.87399291992188,0
2023-09-18,183.30799865722656,183.33200073242188,182.74000549316406,183.30799865722656,0
2023-09-19,182.77000427246094,183.468994140625,182.73199462890625,182.77000427246094,0
2023-09-20,183.08900451660156,183.34100341796875,182.4929962158203,183.08900451660156,0
2023-09-21,182.83399963378906,182.91900634765625,181.08799743652344,182.83399963378906,0
2023-09-22,181.49899291992188,182.28799438476562,181.1959991455078,181.49899291992188,0
2023-09-25,181.69200134277344,181.9510040283203,181.41000366210938,181.69200134277344,0
2023-09-26,181.72999572753906,181.79400634765625,181.06100463867188,181.72999572753906,0
2023-09-27,181.02000427246094,181.53500366210938,180.88299560546875,181.02000427246094,0
2023-09-28,181.40699768066406,182.39599609375,181.06300354003906,181.40699768066406,0
2023-09-29,182.2480010986328,182.99099731445312,181.89999389648438,182.2480010986328,0
2023-10-02,182.30999755859375,182.79800415039062,181.53700256347656,182.30999755859375,0
2023-10-03,181.17300415039062,181.35499572753906,179.6649932861328,181.17300415039062,0
2023-10-04,180.1820068359375,181.24099731445312,179.58999633789062,180.1820068359375,0
2023-10-05,180.78900146484375,180.92799377441406,180.32000732421875,180.78900146484375,0
2023-10-06,180.9219970703125,182.7469940185547,180.83599853515625,180.9219970703125,0
2023-10-09,182.2740020751953,182.29600524902344,181.26600646972656,182.2740020751953,0
2023-10-10,181.68299865722656,182.76600646972656,181.56500244140625,181.68299865722656,0
2023-10-11,182.63600158691406,183.73699951171875,182.4980010986328,182.63600158691406,0
2023-10-12,183.53399658203125,183.8000030517578,182.76199340820312,183.53399658203125,0
2023-10-13,182.47000122070312,182.8990020751953,181.50999450683594,182.47000122070312,0
2023-10-16,181.75999450683594,182.47999572753906,181.5399932861328,181.75999450683594,0
2023-10-17,182.656005859375,182.7169952392578,181.7050018310547,182.656005859375,0
2023-10-18,182.36000061035156,182.8040008544922,181.87399291992188,182.36000061035156,0
2023-10-19,181.78700256347656,182.13499450683594,181.19000244140625,181.78700256347656,0
2023-10-20,181.76800537109375,182.28399658203125,181.32000732421875,181.76800537109375,0
2023-10-23,182.29600524902344,183.28599548339844,182.07400512695312,182.29600524902344,0
2023-10-24,183.447998046875,183.7310028076172,182.26100158691406,183.447998046875,0
2023-10-25,182.2310028076172,182.43600463867188,181.6300048828125,182.2310028076172,0
2023-10-26,181.64999389648438,182.35000610351562,181.4219970703125,181.64999389648438,0
2023-10-27,182.4720001220703,182.4949951171875,181.5489959716797,182.4720001220703,0
2023-10-30,181.36900329589844,181.86000061035156,180.78799438476562,181.36900329589844,0
2023-10-31,181.343994140625,183.82000732421875,181.33999633789062,181.38299560546875,0
2023-11-01,183.8350067138672,183.97799682617188,183.0,183.8350067138672,0
2023-11-02,183.40699768066406,183.6790008544922,182.80999755859375,183.40699768066406,0
2023-11-03,183.43899536132812,184.79200744628906,183.26499938964844,183.43899536132812,0
2023-11-06,184.8939971923828,185.94500732421875,184.8800048828125,184.8939971923828,0
2023-11-07,185.14199829101562,185.44500732421875,184.6580047607422,185.14199829101562,0
2023-11-08,184.83900451660156,185.49400329589844,184.55299377441406,184.83900451660156,0
2023-11-09,185.3070068359375,185.87399291992188,185.13400268554688,185.3070068359375,0
2023-11-10,184.86700439453125,185.2100067138672,184.65199279785156,184.86700439453125,0
2023-11-13,185.20599365234375,185.95399475097656,185.21400451660156,185.20599365234375,0
2023-11-14,186.1999969482422,188.2830047607422,186.08900451660156,186.1999969482422,0
2023-11-15,187.9980010986328,188.2239990234375,187.343994140625,187.9980010986328,0
2023-11-16,187.82400512695312,187.89999389648438,186.8249969482422,187.82400512695312,0
2023-11-17,187.0749969482422,187.14100646972656,185.3300018310547,187.0749969482422,0
2023-11-20,186.72799682617188,186.76600646972656,184.64199829101562,186.72799682617188,0
2023-11-21,185.5679931640625,185.61900329589844,184.47999572753906,185.5679931640625,0
2023-11-22,185.83399963378906,187.0189971923828,185.73300170898438,185.83399963378906,0
2023-11-23,186.66299438476562,187.5749969482422,186.28399658203125,186.66299438476562,0
2023-11-24,187.5279998779297,188.656005859375,187.0800018310547,187.5279998779297,0
2023-11-27,188.44900512695312,188.51300048828125,187.60000610351562,188.44900512695312,0
2023-11-28,187.54200744628906,187.85800170898438,187.06399536132812,187.54200744628906,0
2023-11-29,186.92999267578125,187.5050048828125,186.64500427246094,186.92999267578125,0
2023-11-30,186.65899658203125,187.53599548339844,186.2550048828125,186.65899658203125,0
2023-12-01,186.927001953125,187.4929962158203,186.21200561523438,186.927001953125,0
2023-12-04,186.0919952392578,186.31199645996094,185.0800018310547,186.0919952392578,0
2023-12-05,186.1199951171875,186.16400146484375,185.0800018310547,186.1199951171875,0
2023-12-06,185.35699462890625,185.7949981689453,185.1699981689453,185.35699462890625,0
2023-12-07,184.8159942626953,184.8090057373047,180.96499633789062,184.8159942626953,0
2023-12-08,181.5989990234375,182.01400756835938,179.56500244140625,181.5989990234375,0
2023-12-11,182.0070037841797,184.29600524902344,181.96800231933594,182.0070037841797,0
2023-12-12,183.3719940185547,183.4239959716797,182.2760009765625,183.3719940185547,0
2023-12-13,182.59800720214844,183.125,181.7100067138672,182.59800720214844,0
2023-12-14,180.2100067138672,180.89199829101562,178.42799377441406,180.2100067138672,0
2023-12-15,181.66099548339844,181.6959991455078,179.85499572753906,181.66099548339844,0
2023-12-18,180.32899475097656,181.17100524902344,180.1999969482422,180.32899475097656,0
2023-12-19,180.5449981689453,184.14100646972656,180.06300354003906,180.5449981689453,0
2023-12-20,183.1999969482422,183.3040008544922,181.29400634765625,183.16400146484375,0
2023-12-21,181.40899658203125,181.42100524902344,179.79800415039062,181.40899658203125,0
2023-12-22,180.11399841308594,181.36599731445312,179.94500732421875,180.11399841308594,0
2023-12-25,181.17361450195312,181.2329864501953,180.11000061035156,181.17361450195312,0
2023-12-26,180.66400146484375,181.23800659179688,180.49400329589844,180.66400146484375,0
2023-12-27,181.26300048828125,182.1490020751953,181.12600708007812,181.26300048828125,0
2023-12-28,180.9499969482422,181.36599731445312,179.0330047607422,180.9499969482422,0
2023-12-29,180.04100036621094,180.52499389648438,179.33099365234375,180.04100036621094,0
2024-01-01,179.38800048828125,179.86000061035156,178.9600067138672,179.38800048828125,0
2024-01-02,179.61399841308594,180.61700439453125,178.76600646972656,179.61399841308594,0
2024-01-03,179.427001953125,181.46200561523438,179.18600463867188,179.427001953125,0
2024-01-04,181.2030029296875,183.76800537109375,181.02200317382812,181.2030029296875,0
2024-01-05,183.60499572753906,184.29400634765625,183.38800048828125,183.60499572753906,0
2024-01-08,184.03799438476562,184.1230010986328,183.01300048828125,184.03799438476562,0
2024-01-09,183.7899932861328,183.80999755859375,182.7790069580078,183.7899932861328,0
2024-01-10,183.57699584960938,185.49600219726562,183.63800048828125,183.57699584960938,0
2024-01-11,185.7310028076172,186.11099243164062,185.28199768066406,185.7310028076172,0
2024-01-12,185.3070068359375,185.63699340820312,184.4739990234375,185.3070068359375,0
2024-01-15,184.85699462890625,185.70899963378906,184.77999877929688,184.85699462890625,0
2024-01-16,185.36700439453125,186.16600036621094,184.99099731445312,185.36700439453125,0
2024-01-17,186.07699584960938,188.0959930419922,185.8719940185547,186.07699584960938,0
2024-01-18,187.74200439453125,187.95899963378906,187.32000732421875,187.74200439453125,0
2024-01-19,188.22300720214844,188.88999938964844,187.4149932861328,188.22300720214844,0
2024-01-22,188.10299682617188,188.36900329589844,187.7550048828125,188.10299682617188,0
2024-01-23,188.2310028076172,188.88999938964844,187.40699768066406,188.2310028076172,0
2024-01-24,188.12600708007812,188.4550018310547,187.14300537109375,188.12600708007812,0
2024-01-25,187.68800354003906,188.1699981689453,187.177001953125,187.68800354003906,0
2024-01-26,187.70700073242188,188.54299926757812,187.33399963378906,187.70700073242188,0
2024-01-29,188.0800018310547,188.27999877929688,187.11300659179688,188.0800018310547,0
2024-01-30,187.46200561523438,187.4510040283203,186.36199951171875,187.46200561523438,0
2024-01-31,187.07899475097656,187.5679931640625,185.99600219726562,187.07899475097656,0
2024-02-01,186.3459930419922,186.55799865722656,185.23899841308594,186.3459930419922,0
2024-02-02,186.63699340820312,187.7100067138672,186.41000366210938,186.63699340820312,0
2024-02-05,187.427001953125,187.57000732421875,186.18800354003906,187.427001953125,0
2024-02-06,186.30099487304688,186.75900268554688,186.17599487304688,186.30099487304688,0
2024-02-07,186.27999877929688,187.2519989013672,186.25,186.27999877929688,0
2024-02-08,186.98399353027344,188.4290008544922,186.86500549316406,186.98399353027344,0
2024-02-09,188.35400390625,188.843994140625,188.2550048828125,188.35400390625,0
2024-02-12,188.49200439453125,188.7030029296875,187.8679962158203,188.49200439453125,0
2024-02-13,188.63099670410156,189.98800659179688,188.42999267578125,188.63299560546875,0
2024-02-14,189.72900390625,189.8159942626953,188.7550048828125,189.72900390625,0
2024-02-15,189.19500732421875,189.21200561523438,188.13999938964844,189.19500732421875,0
2024-02-16,188.89100646972656,189.24099731445312,188.85000610351562,188.89100646972656,0
2024-02-19,189.33399963378906,189.38900756835938,188.91000366210938,189.27099609375,0
2024-02-20,189.11399841308594,189.6999969482422,189.05799865722656,189.11399841308594,0
2024-02-21,189.3090057373047,189.74099731445312,189.13999938964844,189.3090057373047,0
2024-02-22,189.99000549316406,190.81100463867188,189.85699462890625,189.99000549316406,0
2024-02-23,190.53900146484375,191.13699340820312,190.38600158691406,190.53900146484375,0
2024-02-26,190.68099975585938,191.3000030517578,190.31900024414062,190.70700073242188,0
2024-02-27,190.94000244140625,190.96600341796875,190.4029998779297,190.9669952392578,0
2024-02-28,190.83399963378906,190.89199829101562,190.27499389648438,190.83399963378906,0
2024-02-29,190.75,190.75,189.05599975585938,190.66900634765625,0
2024-03-01,189.48300170898438,190.37399291992188,189.47300720214844,189.48300170898438,0
2024-03-04,190.02999877929688,191.18499755859375,189.78700256347656,190.02999877929688,0
2024-03-05,190.9320068359375,191.0189971923828,190.41000366210938,190.9320068359375,0
2024-03-06,190.6199951171875,190.67599487304688,189.87600708007812,190.6199951171875,0
2024-03-07,190.09100341796875,190.09100341796875,188.2310028076172,190.09100341796875,0
2024-03-08,189.46499633789062,189.68699645996094,188.39199829101562,189.46499633789062,0
2024-03-11,188.6709747314453,188.96299743652344,187.96600341796875,188.6709747314453,0
2024-03-12,188.0970001220703,189.18099975585938,187.99099731445312,188.0970001220703,0
2024-03-13,188.8719940185547,189.51800537109375,188.43099975585938,188.8719940185547,0
2024-03-14,188.94000244140625,189.5050048828125,188.6580047607422,188.94000244140625,0
2024-03-15,188.99899291992188,189.98599243164062,188.5970001220703,188.99899291992188,0
2024-03-18,189.6300048828125,190.14199829101562,189.62310791015625,189.6300048828125,0
2024-03-19,189.8040008544922,191.64500427246094,189.72000122070312,189.8040008544922,0
2024-03-20,192.0959930419922,192.8249969482422,192.052001953125,192.0959930419922,0
2024-03-21,192.93600463867188,193.4770050048828,191.906005859375,192.93600463867188,0
2024-03-22,191.97500610351562,192.18299865722656,190.406005859375,191.97500610351562,0
2024-03-25,190.67771911621094,191.49200439453125,190.60000610351562,190.67771911621094,0
2024-03-26,191.28399658203125,191.67100524902344,191.12100219726562,191.28399658203125,0
2024-03-27,191.21800231933594,191.61000061035156,190.51400756835938,191.21800231933594,0
2024-03-28,190.80999755859375,191.25599670410156,190.5659942626953,190.80999755859375,0
2024-03-29,191.1529998779297,191.2030029296875,190.77000427246094,191.1529998779297,0
2024-04-01,191.3000030517578,191.33299255371094,190.28500366210938,191.3000030517578,0
2024-04-02,190.1719970703125,190.7050018310547,190.07200622558594,190.1719970703125,0
2024-04-03,190.5800018310547,191.6699981689453,190.4290008544922,190.5800018310547,0
2024-04-04,191.76100158691406,192.23699951171875,191.7220001220703,191.76100158691406,0
2024-04-05,191.22999572753906,191.5260009765625,190.69500732421875,191.22999572753906,0
2024-04-08,191.5,192.13099670410156,191.36900329589844,191.5,0
2024-04-09,192.18499755859375,192.822998046875,192.10899353027344,192.18499755859375,0
2024-04-10,192.39999389648438,192.88800048828125,191.6719970703125,192.39999389648438,0
2024-04-11,191.74000549316406,192.56700134277344,191.57200622558594,191.74000549316406,0
2024-04-12,192.31700134277344,192.38099670410156,190.0229949951172,192.31700134277344,0
2024-04-15,191.00999450683594,192.67999267578125,190.88800048828125,191.00999450683594,0
2024-04-16,191.92999267578125,192.78900146484375,191.66099548339844,191.92999267578125,0
2024-04-17,192.2899932861328,192.83099365234375,192.00900268554688,192.2899932861328,0
2024-04-18,192.20199584960938,192.77499389648438,191.90699768066406,192.20199584960938,0
2024-04-19,192.27099609375,192.71400451660156,190.35400390625,192.27099609375,0
2024-04-22,191.36700439453125,191.6840057373047,190.31900024414062,191.36500549316406,0
2024-04-23,191.18299865722656,192.7550048828125,190.83599853515625,191.18299865722656,0
2024-04-24,192.69500732421875,192.9429931640625,192.4239959716797,192.69500732421875,0
2024-04-25,193.43699645996094,194.93783569335938,193.44700622558594,193.43699645996094,0
2024-04-26,194.61700439453125,196.67599487304688,194.40699768066406,194.61700439453125,0
2024-04-29,197.91099548339844,200.2830047607422,193.63400268554688,197.91099548339844,0
2024-04-30,196.3179931640625,197.35299682617188,196.1219940185547,196.3179931640625,0
2024-05-01,196.98199462890625,197.406005859375,196.57000732421875,196.98199462890625,0
2024-05-02,195.2030029296875,195.73500061035156,191.89700317382812,195.2030029296875,0
2024-05-03,191.91299438476562,192.5189971923828,191.40499877929688,191.91299438476562,0
2024-05-06,192.5760040283203,193.63400268554688,192.4409942626953,192.5760040283203,0
2024-05-07,193.7169952392578,194.11300659179688,193.02000427246094,193.7169952392578,0
2024-05-08,193.44700622558594,194.39100646972656,193.35899353027344,193.44700622558594,0
2024-05-09,194.15899658203125,194.8489990234375,193.91400146484375,194.15899658203125,0
2024-05-10,194.6230010986328,195.2790069580078,194.62100219726562,194.6230010986328,0
2024-05-13,195.11900329589844,196.19000244140625,194.8560028076172,195.11900329589844,0
2024-05-14,196.24000549316406,197.04200744628906,195.7449951171875,196.24000549316406,0
2024-05-15,196.94700622558594,197.08099365234375,196.06500244140625,196.94700622558594,0
2024-05-16,195.76699829101562,196.85800170898438,195.0500030517578,195.76699829101562,0
2024-05-17,196.88400268554688,197.61300659179688,196.80499267578125,196.88400268554688,0
2024-05-20,197.89999389648438,198.4409942626953,197.4040069580078,197.89999389648438,0
2024-05-21,198.74600219726562,198.88499450683594,198.2790069580078,198.74600219726562,0
2024-05-22,198.60499572753906,199.5290069580078,198.52000427246094,198.60499572753906,0
2024-05-23,199.33900451660156,199.87100219726562,199.1490020751953,199.33900451660156,0
2024-05-24,199.22300720214844,200.0800018310547,199.1269989013672,199.22300720214844,0
2024-05-27,199.781005859375,200.3800048828125,199.58999633789062,199.781005859375,0
2024-05-28,200.3090057373047,200.60800170898438,200.16099548339844,200.3090057373047,0
2024-05-29,200.63099670410156,200.72900390625,200.06900024414062,200.63099670410156,0
2024-05-30,200.11900329589844,200.1479949951172,198.75,200.11900329589844,0
2024-05-31,199.78599548339844,200.25999450683594,199.23199462890625,199.78599548339844,0
2024-06-03,200.31100463867188,200.63699340820312,199.2310028076172,200.31100463867188,0
2024-06-04,199.9199981689453,200.4040069580078,197.20199584960938,199.9199981689453,0
2024-06-05,198.1199951171875,199.72000122070312,198.11300659179688,198.1199951171875,0
2024-06-06,199.48500061035156,199.9340057373047,199.0449981689453,199.48500061035156,0
2024-06-07,199.1649932861328,199.78900146484375,198.41000366210938,199.1649932861328,0
2024-06-10,199.61000061035156,199.91799926757812,198.93499755859375,199.61000061035156,0
2024-06-11,199.843994140625,200.37899780273438,199.66000366210938,199.843994140625,0
2024-06-12,200.14300537109375,200.9040069580078,199.94200134277344,200.14300537109375,0
2024-06-13,200.63099670410156,201.29100036621094,199.97500610351562,200.63099670410156,0
2024-06-14,200.4199981689453,201.60299682617188,198.9409942626953,200.4199981689453,0
2024-06-17,199.80299377441406,200.32400512695312,199.08599853515625,199.80299377441406,0
2024-06-18,200.48899841308594,200.82899475097656,200.0279998779297,200.48899841308594,0
2024-06-19,200.60000610351562,201.11000061035156,200.39100646972656,200.56199645996094,0
2024-06-20,200.927001953125,201.38099670410156,200.83399963378906,200.927001953125,0
2024-06-21,201.20599365234375,201.58200073242188,200.5590057373047,201.20599365234375,0
2024-06-24,202.0189971923828,202.6820068359375,201.4459991455078,202.0189971923828,0
2024-06-25,202.51300048828125,202.58900451660156,202.02699279785156,202.51300048828125,0
2024-06-26,202.5399932861328,203.10000610351562,202.47000122070312,202.5399932861328,0
2024-06-27,202.71600341796875,203.35000610351562,202.49000549316406,202.71600341796875,0
2024-06-28,203.18899536132812,203.5659942626953,202.5760040283203,203.18899536132812,0
2024-07-01,203.47999572753906,204.7270050048828,203.42999267578125,203.47999572753906,0
2024-07-02,204.22900390625,204.81300354003906,203.88499450683594,204.22900390625,0
2024-07-03,204.89999389648438,206.15699768066406,204.875,204.89999389648438,0
2024-07-04,206.00900268554688,205.968994140625,205.27999877929688,206.00900268554688,0
2024-07-05,205.80799865722656,206.4239959716797,205.01600646972656,205.80799865722656,0
2024-07-08,205.70899963378906,206.6580047607422,205.29200744628906,205.70899963378906,0
2024-07-09,206.14199829101562,206.55499267578125,205.86700439453125,206.14199829101562,0
2024-07-10,206.31199645996094,207.76300048828125,206.30499267578125,206.31199645996094,0
2024-07-11,207.7030029296875,208.1020050048828,203.91600036621094,207.7030029296875,0
2024-07-12,204.4340057373047,206.31399536132812,204.1269989013672,204.4340057373047,0
2024-07-15,205.2689971923828,205.29200744628906,204.79200744628906,205.2689971923828,0
2024-07-16,205.08200073242188,205.77699279785156,205.0290069580078,205.08200073242188,0
2024-07-17,205.48199462890625,205.66900634765625,203.43800354003906,205.48199462890625,0
2024-07-18,202.48599243164062,203.69000244140625,202.2790069580078,202.48599243164062,0
2024-07-19,203.51499938964844,204.20199584960938,202.96200561523438,203.51499938964844,0
2024-07-22,203.5850067138672,203.5989990234375,201.90499877929688,203.5850067138672,0
2024-07-23,202.88699340820312,202.88800048828125,201.15899658203125,202.88699340820312,0
2024-07-24,200.9499969482422,201.1699981689453,197.78399658203125,200.9499969482422,0
2024-07-25,198.5,198.5279998779297,195.86399841308594,198.5,0
2024-07-26,197.57400512695312,199.1269989013672,197.03599548339844,197.57400512695312,0
2024-07-29,198.33900451660156,198.5850067138672,196.81199645996094,198.33900451660156,0
2024-07-30,197.81199645996094,199.43699645996094,197.10000610351562,197.81199645996094,0
2024-07-31,195.97000122070312,197.2100067138672,192.21200561523438,195.97000122070312,0
2024-08-01,192.46099853515625,193.25100708007812,190.9530029296875,192.46099853515625,0
2024-08-02,189.91000366210938,190.45700073242188,187.39700317382812,189.91000366210938,0
2024-08-05,186.16400146484375,186.531005859375,180.1060028076172,186.16400146484375,0
2024-08-06,186.43600463867188,186.95899963378906,182.8350067138672,186.43600463867188,0
2024-08-07,183.58200073242188,187.97500610351562,183.40499877929688,183.58200073242188,0
2024-08-08,185.2729949951172,187.5229949951172,184.50399780273438,185.2729949951172,0
2024-08-09,188.21299743652344,188.26199340820312,186.49099731445312,188.21299743652344,0
2024-08-12,187.4669952392578,189.30499267578125,187.15899658203125,187.4669952392578,0
2024-08-13,187.68699645996094,189.49099731445312,187.6699981689453,187.68699645996094,0
2024-08-14,189.08999633789062,189.343994140625,187.85800170898438,189.08999633789062,0
2024-08-15,188.86500549316406,191.66200256347656,188.77699279785156,188.86500549316406,0
2024-08-16,191.8800048828125,191.97999572753906,190.4010009765625,191.8800048828125,0
2024-08-19,191.54600524902344,191.60499572753906,188.29800415039062,191.54600524902344,0
2024-08-20,190.5590057373047,191.23300170898438,189.56700134277344,190.5590057373047,0
2024-08-21,189.44500732421875,190.80299377441406,188.99400329589844,189.44500732421875,0
2024-08-22,189.99400329589844,191.83900451660156,189.6959991455078,189.99400329589844,0
2024-08-23,191.42999267578125,191.9980010986328,190.42999267578125,191.42999267578125,0
2024-08-26,190.2469940185547,190.67599487304688,189.54100036621094,190.2469940185547,0
2024-08-27,190.61900329589844,191.8979949951172,190.55599975585938,190.62600708007812,0
2024-08-28,190.8520050048828,191.406005859375,190.552001953125,190.8520050048828,0
2024-08-29,190.5449981689453,191.50799560546875,190.3699951171875,190.5449981689453,0
2024-08-30,190.7429962158203,191.7100067138672,190.5030059814453,190.7429962158203,0
2024-09-02,192.18299865722656,193.42300415039062,191.35400390625,192.18299865722656,0
2024-09-03,192.7899932861328,193.34100341796875,190.38999938964844,192.7899932861328,0
2024-09-04,190.58799743652344,190.80799865722656,189.55999755859375,190.58799743652344,0
2024-09-05,188.39199829101562,189.73800659179688,188.08399963378906,188.39199829101562,0
2024-09-06,188.94400024414062,189.28500366210938,186.53599548339844,188.94400024414062,0
2024-09-09,187.11300659179688,188.10400390625,186.58200073242188,187.11300659179688,0
2024-09-10,187.14100646972656,188.05799865722656,185.8509979248047,187.14100646972656,0
2024-09-11,186.02499389648438,186.16799926757812,183.78399658203125,186.02499389648438,0
2024-09-12,185.92300415039062,186.60499572753906,185.2969970703125,185.92300415039062,0
2024-09-13,185.8090057373047,185.8780059814453,184.36900329589844,185.8090057373047,0
2024-09-16,184.9199981689453,185.86599731445312,183.802001953125,184.9199981689453,0
2024-09-17,185.98500061035156,187.13800048828125,185.31900024414062,185.98500061035156,0
2024-09-18,186.98899841308594,187.9720001220703,185.8459930419922,186.98899841308594,0
2024-09-19,188.39100646972656,190.37399291992188,188.21200561523438,188.39100646972656,0
2024-09-20,189.72999572753906,191.97500610351562,188.7779998779297,189.72999572753906,0
2024-09-23,191.71636962890625,192.41000366210938,190.14599609375,191.71636962890625,0
2024-09-24,191.7469940185547,193.29600524902344,191.38800048828125,191.7469940185547,0
2024-09-25,191.9550018310547,193.24000549316406,191.927001953125,191.9550018310547,0
2024-09-26,192.64999389648438,194.31100463867188,192.51699829101562,192.64999389648438,0
2024-09-27,194.552001953125,195.92599487304688,190.90199279785156,194.552001953125,0
2024-09-30,191.08299255371094,192.1529998779297,189.5749969482422,191.08299255371094,0
2024-10-01,192.21299743652344,193.3560028076172,190.32699584960938,192.21299743652344,0
2024-10-02,190.781005859375,194.00999450683594,190.41200256347656,190.781005859375,0
2024-10-03,194.43499755859375,195.13099670410156,192.1320037841797,194.43499755859375,0
2024-10-04,192.781005859375,194.906005859375,191.71279907226562,192.781005859375,0
2024-10-07,195.31399536132812,195.22999572753906,193.3470001220703,195.31399536132812,0
2024-10-08,193.82699584960938,194.33299255371094,192.8939971923828,193.82699584960938,0
2024-10-09,193.99099731445312,195.23599243164062,193.64100646972656,193.99099731445312,0
2024-10-10,194.91000366210938,195.47500610351562,193.5709991455078,194.91000366210938,0
2024-10-11,194.2220001220703,195.1909942626953,193.86399841308594,194.2220001220703,0
2024-10-14,194.85299682617188,195.6909942626953,194.63900756835938,194.85299682617188,0
2024-10-15,195.55299377441406,195.63099670410156,194.6580047607422,195.55299377441406,0
2024-10-16,194.80799865722656,195.26600646972656,193.7169952392578,194.80799865722656,0
2024-10-17,194.26400756835938,195.3040008544922,193.8489990234375,194.26400756835938,0
2024-10-18,195.3489990234375,196.02999877929688,194.75399780273438,195.3489990234375,0
2024-10-21,195.2519989013672,195.53500366210938,194.5500030517578,195.2519989013672,0
2024-10-22,195.48321533203125,196.5,195.18099975585938,195.48321533203125,0
2024-10-23,196.2100067138672,198.4149932861328,196.19000244140625,196.2100067138672,0
2024-10-24,197.2729949951172,197.5959930419922,196.66000366210938,197.2729949951172,0
2024-10-25,196.88699340820312,197.697998046875,196.41600036621094,196.88699340820312,0
2024-10-28,198.17999267578125,199.32000732421875,197.8419952392578,198.17999267578125,0
2024-10-29,198.71600341796875,199.6652069091797,198.02999877929688,198.71600341796875,0
2024-10-30,199.4499969482422,199.72999572753906,198.17999267578125,199.4499969482422,0
2024-10-31,198.52499389648438,198.8769989013672,195.4080047607422,198.52499389648438,0
2024-11-01,196.0070037841797,198.343994140625,195.9290008544922,196.0070037841797,0
2024-11-04,197.25100708007812,197.71299743652344,196.5030059814453,197.25100708007812,0
2024-11-05,197.2550048828125,197.86900329589844,197.00999450683594,197.2550048828125,0
2024-11-06,197.5030059814453,199.35299682617188,197.38600158691406,197.5030059814453,0
2024-11-07,198.79600524902344,199.5399932861328,198.5500030517578,198.79600524902344,0
2024-11-08,198.8459930419922,198.8730010986328,196.8300018310547,198.8459930419922,0
2024-11-11,197.49200439453125,198.4409942626953,197.4340057373047,197.49200439453125,0
2024-11-12,197.55499267578125,198.052001953125,196.88900756835938,197.55499267578125,0
2024-11-13,196.99200439453125,197.7010040283203,196.67999267578125,196.99200439453125,0
2024-11-14,197.48699951171875,198.20700073242188,197.10000610351562,197.48699951171875,0
2024-11-15,198.20799255371094,198.4239959716797,195.0399932861328,198.20799255371094,0
2024-11-18,195.14100646972656,196.1320037841797,194.37899780273438,195.14100646972656,0
2024-11-19,196.0279998779297,196.0070037841797,193.63999938964844,196.0279998779297,0
2024-11-20,196.39700317382812,197.75999450683594,196.1320037841797,196.39700317382812,0
2024-11-21,196.49600219726562,196.50100708007812,194.41000366210938,196.49600219726562,0
2024-11-22,194.05999755859375,194.79299926757812,192.8719940185547,194.05999755859375,0
2024-11-25,194.1179962158203,194.58799743652344,193.31199645996094,194.1179962158203,0
2024-11-26,193.4499969482422,193.69000244140625,192.44400024414062,193.4499969482422,0
2024-11-27,192.37600708007812,192.39199829101562,190.73800659179688,192.37600708007812,0
2024-11-28,191.85000610351562,192.43699645996094,191.5989990234375,191.85899353027344,0
2024-11-29,191.91000366210938,191.93899536132812,190.18099975585938,191.91000366210938,0
2024-12-02,190.322998046875,191.2740020751953,188.47000122070312,190.37399291992188,0
2024-12-03,189.24099731445312,190.36099243164062,188.1009979248047,189.24099731445312,0
2024-12-04,189.6479949951172,191.51699829101562,189.36199951171875,189.6479949951172,0
2024-12-05,191.2270050048828,192.19700622558594,190.33900451660156,191.2270050048828,0
2024-12-06,191.63699340820312,192.35800170898438,190.74000549316406,191.63699340820312,0
2024-12-09,191.13299560546875,193.39500427246094,190.6020050048828,191.1699981689453,0
2024-12-10,193.0330047607422,193.9770050048828,192.4600067138672,193.0330047607422,0
2024-12-11,193.9949951171875,194.54299926757812,192.8159942626953,193.9949951171875,0
2024-12-12,194.33599853515625,194.97999572753906,192.9510040283203,194.33599853515625,0
2024-12-13,193.427001953125,194.43800354003906,192.85400390625,193.427001953125,0
2024-12-16,193.75399780273438,195.85000610351562,193.6479949951172,193.75399780273438,0
2024-12-17,195.53599548339844,195.88299560546875,194.66700744628906,195.53599548339844,0
2024-12-18,195.1929931640625,195.76600646972656,194.72300720214844,195.1929931640625,0
2024-12-19,194.3769989013672,198.88800048828125,194.3000030517578,194.3769989013672,0
2024-12-20,197.00999450683594,197.25100708007812,195.77099609375,197.00999450683594,0
2024-12-23,196.7429962158203,197.0780029296875,196.47900390625,196.7429962158203,0
2024-12-24,196.95492553710938,197.60299682617188,196.60499572753906,196.95492553710938,0
2024-12-25,196.89999389648438,200.9499969482422,196.63900756835938,196.89999389648438,0
2024-12-26,197.0970001220703,197.84100341796875,197.00799560546875,197.0970001220703,0
2024-12-27,197.625,198.48599243164062,197.21299743652344,197.625,0
2024-12-30,198.57200622558594,198.91000366210938,196.33200073242188,198.57200622558594,0
2024-12-31,196.99899291992188,197.0959930419922,195.7449951171875,196.99899291992188,0
2025-01-02,197.40499877929688,197.4550018310547,194.23199462890625,197.40499877929688,0
2025-01-03,194.7975311279297,195.3300018310547,194.6540069580078,194.7975311279297,0
2025-01-06,195.68600463867188,197.38900756835938,195.7050018310547,195.68600463867188,0
2025-01-07,197.33900451660156,198.23699951171875,197.06199645996094,197.33900451660156,0
2025-01-08,197.39999389648438,197.5330047607422,195.14100646972656,197.39999389648438,0
2025-01-09,195.51300048828125,195.58700561523438,193.49899291992188,195.51300048828125,0
2025-01-10,194.3800048828125,194.75999450683594,192.20899963378906,194.3800048828125,0
2025-01-13,192.6840057373047,192.74400329589844,190.10899353027344,192.6840057373047,0
2025-01-14,192.49400329589844,192.83399963378906,191.55499267578125,192.49400329589844,0
2025-01-15,192.97799682617188,192.9600067138672,191.18299865722656,192.97799682617188,0
2025-01-16,191.28799438476562,191.5030059814453,189.8040008544922,191.28799438476562,0
2025-01-17,190.0780029296875,190.5749969482422,189.35899353027344,190.0780029296875,0
2025-01-20,190.22900390625,191.6219940185547,189.88699340820312,190.22900390625,0
2025-01-21,191.4250030517578,191.74099731445312,190.48199462890625,191.4250030517578,0
2025-01-22,192.13999938964844,193.0,191.71600341796875,192.13999938964844,0
2025-01-23,192.6199951171875,192.9949951171875,192.35699462890625,192.6199951171875,0
2025-01-24,192.87606811523438,194.56199645996094,192.09500122070312,192.87606811523438,0
2025-01-27,194.0279998779297,194.63400268554688,192.17300415039062,194.0279998779297,0
2025-01-28,193.0070037841797,193.99899291992188,192.77200317382812,193.0070037841797,0
2025-01-29,193.5019989013672,193.73699951171875,192.5019989013672,193.5019989013672,0
2025-01-30,193.25799560546875,193.2570037841797,191.48699951171875,193.25799560546875,0
2025-01-31,191.4250030517578,192.97000122070312,191.21499633789062,191.4250030517578,0
2025-02-03,190.94700622558594,192.2740020751953,190.03500366210938,190.94700622558594,0
2025-02-04,193.0240020751953,193.13600158691406,191.781005859375,193.0240020751953,0
2025-02-05,192.2949981689453,192.5469970703125,190.3560028076172,192.2949981689453,0
2025-02-06,190.8000030517578,190.8800048828125,188.26100158691406,190.8000030517578,0
2025-02-07,188.01300048828125,189.552001953125,187.06399536132812,188.01300048828125,0
2025-02-10,188.14599609375,189.10899353027344,187.64300537109375,188.14599609375,0
2025-02-11,187.55099487304688,189.4250030517578,187.27499389648438,187.55099487304688,0
2025-02-12,190.1750030517578,192.44000244140625,190.18600463867188,190.1750030517578,0
2025-02-13,192.03599548339844,193.0189971923828,191.18099975585938,192.03599548339844,0
2025-02-14,192.19700622558594,192.48599243164062,191.47900390625,192.19700622558594,0
2025-02-17,191.29600524902344,191.38400268554688,190.63900756835938,191.29600524902344,0
2025-02-18,191.125,191.93099975585938,190.9320068359375,191.125,0
2025-02-19,191.8159942626953,192.0959930419922,190.47500610351562,191.8159942626953,0
2025-02-20,190.26600646972656,190.26800537109375,188.79100036621094,190.26600646972656,0
2025-02-21,189.27000427246094,190.9320068359375,188.86500549316406,189.27000427246094,0
2025-02-24,188.96600341796875,189.57200622558594,188.2239990234375,188.96600341796875,0
2025-02-25,189.07000732421875,189.6999969482422,188.18299865722656,189.07000732421875,0
2025-02-26,188.9250030517578,189.85299682617188,188.4409942626953,188.9250030517578,0
2025-02-27,188.74099731445312,190.08700561523438,188.5749969482422,188.74099731445312,0
2025-02-28,188.98699951171875,190.27699279785156,187.71099853515625,188.98699951171875,0
2025-03-03,190.0189971923828,191.96099853515625,188.83999633789062,190.0189971923828,0
2025-03-04,189.62399291992188,190.07000732421875,188.2689971923828,189.62399291992188,0
2025-03-05,191.62899780273438,192.2689971923828,190.8990020751953,191.62899780273438,0
2025-03-06,191.93099975585938,192.51199340820312,189.91600036621094,191.93099975585938,0
2025-03-07,190.8300018310547,190.9040069580078,189.83900451660156,190.8300018310547,0
2025-03-10,190.88299560546875,190.88299560546875,189.31199645996094,190.88299560546875,0
2025-03-11,189.34300231933594,191.54299926757812,188.8000030517578,189.34300231933594,0
2025-03-12,191.62600708007812,193.0749969482422,191.22999572753906,191.62600708007812,0
2025-03-13,192.218994140625,192.32400512695312,191.00100708007812,192.218994140625,0
2025-03-14,191.6909942626953,192.6719970703125,191.56199645996094,191.6909942626953,0
2025-03-17,192.12899780273438,193.4709930419922,191.9980010986328,192.12899780273438,0
2025-03-18,193.96400451660156,194.8800048828125,193.82400512695312,193.96400451660156,0
2025-03-19,194.27699279785156,194.69200134277344,193.28199768066406,194.27699279785156,0
2025-03-20,193.18299865722656,193.16900634765625,192.08200073242188,193.18299865722656,0
2025-03-21,192.68699645996094,193.56700134277344,192.09100341796875,192.68699645996094,0
2025-03-24,193.44200134277344,194.66799926757812,193.28199768066406,193.44200134277344,0
2025-03-25,194.85000610351562,194.99099731445312,193.6529998779297,194.85000610351562,0
2025-03-26,194.0800018310547,194.77200317382812,193.47999572753906,194.0800018310547,0
2025-03-27,193.76400756835938,195.8800048828125,193.52999877929688,193.76400756835938,0
2025-03-28,195.36099243164062,195.69900512695312,194.2480010986328,195.36099243164062,0
2025-03-31,193.56500244140625,193.677001953125,192.76100158691406,193.56500244140625,0
2025-04-01,193.68800354003906,193.88499450683594,192.2030029296875,193.68800354003906,0
2025-04-02,193.55599975585938,194.6199951171875,192.9929962158203,193.55599975585938,0
2025-04-03,192.9029998779297,193.63499450683594,191.25999450683594,192.9029998779297,0
2025-04-04,191.42999267578125,191.72900390625,187.5679931640625,191.3820037841797,0
2025-04-07,187.7429962158203,189.88299560546875,187.20399475097656,187.7429962158203,0
2025-04-08,188.18499755859375,188.92300415039062,187.27200317382812,188.18499755859375,0
2025-04-09,186.51499938964844,187.08999633789062,184.41700744628906,186.51499938964844,0
2025-04-10,189.03500366210938,189.39700317382812,186.67599487304688,189.03500366210938,0
2025-04-11,186.74000549316406,187.62399291992188,186.03199768066406,186.74000549316406,0
2025-04-14,188.0019989013672,189.1840057373047,186.61099243164062,188.0019989013672,0
2025-04-15,188.6699981689453,189.5279998779297,188.56399536132812,188.6699981689453,0
2025-04-16,189.36000061035156,189.58700561523438,188.5780029296875,189.36000061035156,0
2025-04-17,187.7740020751953,189.25999450683594,187.7530059814453,187.7740020751953,0
2025-04-22,188.4530029296875,188.7429962158203,187.47799682617188,188.4530029296875,0
2025-04-23,189.3800048828125,189.61000061035156,188.25799560546875,189.3800048828125,0
2025-04-24,189.96800231933594,190.10400390625,189.30999755859375,189.96800231933594,0
2025-04-25,190.39199829101562,191.71299743652344,190.0760040283203,190.39199829101562,0
2025-04-28,191.1580047607422,191.5290069580078,190.6580047607422,191.1580047607422,0
2025-04-29,191.01499938964844,191.33099365234375,190.44400024414062,191.01499938964844,0
2025-04-30,190.8249969482422,191.2550048828125,190.02200317382812,190.8249969482422,0
2025-05-01,190.5290069580078,193.343994140625,190.35800170898438,190.5290069580078,0
2025-05-02,193.23300170898438,193.71200561523438,191.51400756835938,193.23300170898438,0
2025-05-05,191.92999267578125,192.02999877929688,191.06100463867188,191.92999267578125,0
2025-05-06,190.9199981689453,191.32000732421875,190.46099853515625,190.9199981689453,0
2025-05-07,191.01600646972656,191.63499450683594,190.73599243164062,191.01600646972656,0
2025-05-08,191.18600463867188,193.27000427246094,191.01100158691406,191.18600463867188,0
2025-05-09,193.24899291992188,193.2760009765625,192.35699462890625,193.24899291992188,0
2025-05-12,193.72999572753906,195.7530059814453,193.63299560546875,193.72999572753906,0
2025-05-13,195.4199981689453,196.3209991455078,194.77999877929688,195.4199981689453,0
2025-05-14,196.2570037841797,196.38999938964844,194.2429962158203,196.2570037841797,0
2025-05-15,194.49899291992188,194.57899475097656,193.44400024414062,194.49899291992188,0
2025-05-16,193.7310028076172,193.7259979248047,193.05599975585938,193.7310028076172,0
2025-05-19,193.30799865722656,194.0540008544922,192.78500366210938,193.30799865722656,0
2025-05-20,193.67799377441406,194.14599609375,192.93600463867188,193.67799377441406,0
2025-05-21,193.3489990234375,193.4709930419922,192.5850067138672,193.3489990234375,0
2025-05-22,192.88499450683594,193.22999572753906,191.91700744628906,192.88499450683594,0
2025-05-23,193.04299926757812,193.5469970703125,192.0919952392578,193.04299926757812,0
2025-05-26,193.36099243164062,194.02999877929688,193.27099609375,193.36099243164062,0
2025-05-27,193.5,195.6020050048828,193.02999877929688,193.5,0
2025-05-28,194.8179931640625,195.2779998779297,194.35000610351562,194.8179931640625,0
2025-05-29,195.67599487304688,196.26699829101562,194.30599975585938,195.67599487304688,0
2025-05-30,194.0970001220703,194.6479949951172,193.4770050048828,194.0970001220703,0
2025-06-02,193.66700744628906,193.89700317382812,193.00999450683594,193.66700744628906,0
2025-06-03,193.1020050048828,194.72500610351562,192.73500061035156,193.1020050048828,0
2025-06-04,194.61500549316406,195.2169952392578,193.81399536132812,194.61500549316406,0
2025-06-05,193.41900634765625,195.47000122070312,193.33999633789062,193.41900634765625,0
2025-06-06,194.9320068359375,196.1750030517578,194.81900024414062,194.9320068359375,0
2025-06-09,195.87100219726562,196.1269989013672,195.45399475097656,195.87100219726562,0
2025-06-10,195.93699645996094,196.43600463867188,194.78700256347656,195.93699645996094,0
2025-06-11,195.61199951171875,196.18600463867188,195.2949981689453,195.61199951171875,0
2025-06-12,195.6230010986328,195.7519989013672,194.7239990234375,195.6230010986328,0
2025-06-13,195.0959930419922,195.96600341796875,193.78399658203125,195.0959930419922,0
2025-06-16,196.74551391601562,196.16400146484375,195.39999389648438,196.74551391601562,0
2025-06-17,196.31300354003906,196.82200622558594,195.8159942626953,196.31300354003906,0
2025-06-18,195.22000122070312,195.33099365234375,194.5189971923828,195.22000122070312,0
2025-06-19,194.45599365234375,195.9239959716797,194.03799438476562,194.45599365234375,0
2025-06-20,195.69200134277344,196.6840057373047,195.68899536132812,195.69200134277344,0
2025-06-23,196.44900512695312,198.16299438476562,196.2969970703125,196.44900512695312,0
2025-06-24,197.64500427246094,197.6230010986328,196.95599365234375,197.64500427246094,0
2025-06-25,197.34300231933594,198.56500244140625,197.04200744628906,197.34300231933594,0
2025-06-26,198.3719940185547,198.58299255371094,197.75999450683594,198.3719940185547,0
2025-06-27,198.5659942626953,198.78399658203125,198.1280059814453,198.5659942626953,0
2025-06-30,198.23699951171875,198.40499877929688,197.23199462890625,198.23699951171875,0
2025-07-01,197.44400024414062,197.73899841308594,196.30799865722656,197.44400024414062,0
2025-07-02,197.11000061035156,197.53199768066406,195.3800048828125,197.11000061035156,0
2025-07-03,195.9029998779297,198.0489959716797,195.7760009765625,195.9029998779297,0
2025-07-04,197.73300170898438,197.82400512695312,196.89700317382812,197.73300170898438,0
2025-07-07,197.2519989013672,198.98300170898438,196.7989959716797,197.2519989013672,0
2025-07-08,198.73699951171875,199.42999267578125,198.66700744628906,198.73699951171875,0
2025-07-09,199.48300170898438,199.79299926757812,198.91799926757812,199.48300170898438,0
2025-07-10,198.5800018310547,199.24000549316406,198.3800048828125,198.5800018310547,0
2025-07-11,198.63299560546875,199.41200256347656,198.25,198.63299560546875,0
2025-07-14,198.74200439453125,198.79100036621094,198.10899353027344,198.74200439453125,0
2025-07-15,198.4459991455078,199.50100708007812,198.1999969482422,198.4459991455078,0
2025-07-16,199.22900390625,199.7169952392578,198.04400634765625,199.22900390625,0
2025-07-17,198.47300720214844,199.48500061035156,198.4720001220703,198.47300720214844,0
2025-07-18,199.3800048828125,199.9600067138672,199.27499389648438,199.3800048828125,0
2025-07-21,199.11599731445312,199.22900390625,198.5780029296875,199.11599731445312,0
2025-07-22,198.82899475097656,199.28199768066406,197.4429931640625,198.82899475097656,0
2025-07-23,198.46800231933594,199.05099487304688,197.7830047607422,198.46800231933594,0
2025-07-24,198.6999969482422,198.8520050048828,198.12899780273438,198.6999969482422,0
2025-07-25,198.58700561523438,199.05999755859375,198.14199829101562,198.58700561523438,0
2025-07-28,198.6280059814453,199.2010040283203,198.41000366210938,198.6280059814453,0
2025-07-29,198.35800170898438,198.4459991455078,197.7449951171875,198.35800170898438,0
2025-07-30,198.20899963378906,198.4250030517578,197.4429931640625,198.20899963378906,0
2025-07-31,197.8179931640625,199.20399475097656,196.97000122070312,197.8179931640625,0
2025-08-01,199.14700317382812,199.2760009765625,196.1750030517578,199.14700317382812,0
2025-08-04,195.79600524902344,196.5260009765625,195.4600067138672,195.79600524902344,0
2025-08-05,195.18299865722656,196.343994140625,195.0399932861328,195.18299865722656,0
2025-08-06,196.2310028076172,196.8560028076172,196.0970001220703,196.2310028076172,0
2025-08-07,196.60800170898438,197.96800231933594,196.2449951171875,196.60800170898438,0
2025-08-08,197.5070037841797,198.81723022460938,197.4320068359375,197.5070037841797,0
2025-08-11,198.49000549316406,198.78799438476562,198.1929931640625,198.49000549316406,0
2025-08-12,198.99000549316406,200.07000732421875,198.9980010986328,198.99000549316406,0
2025-08-13,199.52099609375,200.26400756835938,199.42599487304688,199.52099609375,0
2025-08-14,199.85699462890625,200.08999633789062,198.61099243164062,199.85699462890625,0
2025-08-15,199.8209991455078,199.82400512695312,198.91000366210938,199.8209991455078,0
2025-08-18,199.62600708007812,200.25999450683594,199.37600708007812,199.62600708007812,0
2025-08-19,199.80099487304688,199.85400390625,199.26400756835938,199.80099487304688,0
2025-08-20,199.23399353027344,199.41000366210938,197.8699951171875,199.23399353027344,0
2025-08-21,198.3509979248047,199.21299743652344,198.13299560546875,198.3509979248047,0
2025-08-22,199.08799743652344,199.5260009765625,198.41000366210938,199.08799743652344,0
2025-08-25,198.8979949951172,199.2689971923828,198.74000549316406,198.8979949951172,0
2025-08-26,198.86199951171875,199.04400634765625,198.26800537109375,198.86199951171875,0
2025-08-27,198.72000122070312,199.17799377441406,198.6479949951172,198.72000122070312,0
2025-08-28,198.92300415039062,199.0919952392578,198.4669952392578,198.92300415039062,0
2025-08-29,198.32400512695312,198.5800018310547,197.96299743652344,198.32400512695312,0
2025-09-01,198.6280059814453,199.53799438476562,198.6199951171875,198.6280059814453,0
2025-09-02,199.26100158691406,200.24899291992188,198.32699584960938,199.26100158691406,0
2025-09-03,198.7949981689453,199.7169952392578,198.51800537109375,198.7949981689453,0
2025-09-04,198.89700317382812,199.81300354003906,198.80499267578125,198.89700317382812,0
2025-09-05,199.468994140625,199.78500366210938,198.6959991455078,199.468994140625,0
2025-09-08,200.1540069580078,200.322998046875,199.39999389648438,200.1540069580078,0
2025-09-09,199.7100067138672,199.86599731445312,198.81100463867188,199.7100067138672,0
2025-09-10,199.28599548339844,199.79400634765625,199.24899291992188,199.28599548339844,0
2025-09-11,199.40499877929688,200.0449981689453,199.3560028076172,199.40499877929688,0
2025-09-12,199.86599731445312,200.47000122070312,199.70899963378906,199.86599731445312,0
2025-09-15,200.12600708007812,200.73500061035156,199.91099548339844,200.12600708007812,0
2025-09-16,200.5,200.69000244140625,199.93299865722656,200.5,0
2025-09-17,199.8979949951172,199.98699951171875,199.47999572753906,199.8979949951172,0
2025-09-18,200.2010040283203,201.2270050048828,200.14700317382812,200.2010040283203,0
2025-09-19,200.54800415039062,200.58399963378906,199.25100708007812,200.54800415039062,0
2025-09-22,199.39300537109375,199.76499938964844,199.39599609375,199.39300537109375,0
2025-09-23,199.63900756835938,199.9459991455078,199.156005859375,199.63900756835938,0
2025-09-24,199.60800170898438,200.11700439453125,199.4600067138672,199.60800170898438,0
2025-09-25,200.10000610351562,200.33099365234375,199.6230010986328,200.10000610351562,0
2025-09-26,199.8509979248047,200.49400329589844,199.69200134277344,199.8509979248047,0
2025-09-29,200.31399536132812,200.30999755859375,199.34500122070312,200.31399536132812,0
2025-09-30,199.64599609375,199.74400329589844,198.57000732421875,199.64599609375,0
2025-10-01,198.94900512695312,199.21099853515625,197.91299438476562,198.94900512695312,0
2025-10-02,198.25999450683594,198.5989990234375,197.49600219726562,198.25999450683594,0
2025-10-03,197.86000061035156,198.6790008544922,197.87600708007812,197.86000061035156,0
2025-10-06,200.9600067138672,202.23300170898438,200.79200744628906,200.9600067138672,0
2025-10-07,202.7050018310547,203.2429962158203,202.13699340820312,202.7050018310547,0
2025-10-08,204.05799865722656,205.30799865722656,203.91200256347656,204.05799865722656,0
2025-10-09,204.59800720214844,204.86700439453125,203.5800018310547,204.59800720214844,0
2025-10-10,203.50399780273438,203.6929931640625,202.2530059814453,203.50399780273438,0
2025-10-13,202.77200317382812,203.2239990234375,202.6320037841797,202.77200317382812,0
2025-10-14,203.2239990234375,203.50399780273438,201.36000061035156,203.2239990234375,0
2025-10-15,202.11599731445312,202.5800018310547,201.59500122070312,202.11599731445312,0
2025-10-16,202.36000061035156,203.41099548339844,202.01100158691406,202.36000061035156,0
2025-10-17,201.83799743652344,202.10499572753906,200.70899963378906,201.83799743652344,0
2025-10-20,202.58200073242188,203.0959930419922,201.8679962158203,202.58200073242188,0
2025-10-21,202.10400390625,203.5070037841797,201.82200622558594,202.10400390625,0
2025-10-22,202.9929962158203,203.24200439453125,201.9239959716797,202.9929962158203,0
2025-10-23,202.8780059814453,203.781005859375,202.8800048828125,202.8780059814453,0
2025-10-24,203.3719940185547,203.97300720214844,203.1060028076172,203.3719940185547,0
2025-10-27,203.90699768066406,204.23300170898438,203.54600524902344,203.90699768066406,0
2025-10-28,203.69500732421875,203.7030029296875,201.6699981689453,203.69500732421875,0
2025-10-29,201.47000122070312,201.9239959716797,200.59500122070312,201.47000122070312,0
2025-10-30,201.50399780273438,203.23599243164062,201.00999450683594,201.50399780273438,0
2025-10-31,202.50900268554688,202.89300537109375,201.85299682617188,202.50900268554688,0
2025-11-03,202.5189971923828,202.75900268554688,202.0330047607422,202.5189971923828,0
2025-11-04,202.54100036621094,202.65499877929688,200.02000427246094,202.54100036621094,0
2025-11-05,199.9199981689453,201.23500061035156,199.0919952392578,199.9199981689453,0
2025-11-06,201.08999633789062,201.3719940185547,200.47300720214844,201.08999633789062,0
2025-11-07,200.97000122070312,201.74600219726562,200.6580047607422,200.97000122070312,0
2025-11-10,201.89300537109375,203.22000122070312,201.89300537109375,202.12600708007812,0
2025-11-11,203.072998046875,203.25799560546875,202.33999633789062,203.03500366210938,0
2025-11-12,202.61300659179688,203.552001953125,202.60000610351562,202.63800048828125,0
2025-11-13,203.08599853515625,204.04400634765625,202.97000122070312,203.09800720214844,0
2025-11-14,203.37600708007812,203.79299926757812,202.3730010986328,203.35899353027344,0
2025-11-17,203.41799926757812,204.52200317382812,203.13499450683594,203.41900634765625,0
2025-11-18,204.2010040283203,204.4530029296875,203.70700073242188,204.26600646972656,0
2025-11-19,204.47000122070312,205.35499572753906,203.98699951171875,204.50100708007812,0
2025-11-20,205.01600646972656,206.83799743652344,204.8040008544922,205.04100036621094,0
2025-11-21,205.90499877929688,206.031005859375,204.29200744628906,205.9040069580078,0
2025-11-24,205.16400146484375,205.88699340820312,205.02999877929688,205.2030029296875,0
2025-11-25,205.5959930419922,205.90899658203125,205.0030059814453,205.66900634765625,0
2025-11-26,205.51800537109375,207.0449981689453,205.3489990234375,205.5590057373047,0
2025-11-27,206.89999389648438,207.177001953125,206.4320068359375,206.9320068359375,0
2025-11-28,206.92799377441406,207.19900512695312,206.1300048828125,206.9250030517578,0
2025-12-01,206.39599609375,206.39700317382812,205.21400451660156,206.4239959716797,0
2025-12-02,205.46499633789062,206.22999572753906,205.38699340820312,205.4739990234375,0
2025-12-03,205.90499877929688,207.05099487304688,205.78900146484375,205.96200561523438,0
2025-12-04,206.9929962158203,207.343994140625,206.35800170898438,207.0330047607422,0
2025-12-05,206.6439971923828,207.28199768066406,206.21800231933594,206.6649932861328,0
2025-12-08,206.96099853515625,207.71400451660156,206.593994140625,206.9770050048828,0
2025-12-09,207.68800354003906,208.92799377441406,207.5970001220703,207.6699981689453,0
2025-12-10,208.59300231933594,208.8560028076172,208.22999572753906,208.63400268554688,0
2025-12-11,208.52000427246094,208.6199951171875,207.93600463867188,208.56900024414062,0
2025-12-12,208.2310028076172,208.7239990234375,207.89700317382812,208.30999755859375,0
2025-12-15,208.34300231933594,208.4149932861328,207.10299682617188,208.3699951171875,0
2025-12-16,207.40699768066406,207.9759979248047,206.7689971923828,207.40699768066406,0
2025-12-17,207.77200317382812,208.36700439453125,207.0800018310547,207.7760009765625,0
2025-12-18,207.93600463867188,208.96299743652344,207.86199951171875,207.94900512695312,0
2025-12-19,208.2169952392578,210.63299560546875,208.2169952392578,208.2429962158203,0
2025-12-22,210.86199951171875,211.58099365234375,210.6219940185547,210.875,0
2025-12-23,211.26800537109375,211.28599548339844,210.28799438476562,211.23599243164062,0
2025-12-24,210.92599487304688,211.0749969482422,210.0449981689453,210.95599365234375,0
2025-12-26,210.91900634765625,211.47300720214844,210.61900329589844,210.8419952392578,0
2025-12-29,210.96499633789062,211.33599853515625,210.4409942626953,211.16700744628906,0
2025-12-30,210.6490020751953,211.10537719726562,210.44000244140625,210.7550048828125,0
2025-12-31,210.58599853515625,211.08700561523438,210.25799560546875,210.61000061035156,0
2026-01-02,211.18699645996094,211.42999267578125,210.75900268554688,211.16000366210938,0
2026-01-05,210.9526824951172,211.4739990234375,210.51300048828125,210.95700073242188,0
2026-01-06,211.91799926757812,212.125,211.3179931640625,211.95799255371094,0
2026-01-07,211.46600341796875,211.73399353027344,210.98699951171875,211.51199340820312,0
2026-01-08,210.89100646972656,211.1490020751953,210.3419952392578,210.91000366210938,0
2026-01-09,210.7899932861328,212.04800415039062,210.76400756835938,210.7729949951172,0
2026-01-12,211.78599548339844,212.97799682617188,211.66799926757812,211.8159942626953,0
2026-01-13,212.74899291992188,214.28500366210938,212.7270050048828,212.7259979248047,0
2026-01-14,213.6999969482422,214.093994140625,212.5709991455078,213.70799255371094,0
2026-01-15,212.9320068359375,213.2989959716797,212.01300048828125,212.8979949951172,0
2026-01-16,212.18899536132812,212.2480010986328,211.38999938964844,212.218994140625,0
2026-01-19,211.16900634765625,212.37600708007812,210.8939971923828,211.13999938964844,0
2026-01-20,212.25999450683594,213.46499633789062,211.8489990234375,212.23699951171875,0
2026-01-21,212.55099487304688,212.74200439453125,211.65199279785156,212.56399536132812,0
2026-01-22,212.62399291992188,213.64300537109375,212.375,212.6199951171875,0
2026-01-23,213.9429931640625,214.8350067138672,212.71600341796875,213.9720001220703,0
2026-01-26,211.99400329589844,212.0330047607422,209.63999938964844,211.9810028076172,0
2026-01-27,211.07000732421875,211.72900390625,210.12600708007812,211.08200073242188,0
2026-01-28,210.88900756835938,211.8509979248047,210.07000732421875,210.75,0
2026-01-29,211.65899658203125,212.1479949951172,210.072998046875,211.63900756835938,0
2026-01-30,211.4669952392578,212.43699645996094,211.30799865722656,211.42999267578125,0
2026-02-02,212.2220001220703,212.66299438476562,211.2989959716797,212.28199768066406,0
2026-02-03,212.61300659179688,213.4250030517578,212.5449981689453,212.5229949951172,0
2026-02-04,213.41700744628906,214.99099731445312,213.37399291992188,213.3939971923828,0
2026-02-05,214.1020050048828,214.20899963378906,211.81199645996094,214.08999633789062,0
2026-02-06,211.9550018310547,213.8560028076172,211.6300048828125,211.9969940185547,0
2026-02-09,213.98699951171875,213.98699951171875,212.1649932861328,213.98300170898438,0
2026-02-10,213.60800170898438,213.6999969482422,210.53900146484375,213.60000610351562,0
2026-02-11,210.63299560546875,210.63299560546875,208.74200439453125,210.61000061035156,0
2026-02-12,208.75900268554688,209.52999877929688,207.58700561523438,208.79800415039062,0
2026-02-13,208.03500366210938,209.31199645996094,208.03500366210938,208.1060028076172,0
2026-02-16,208.50599670410156,209.66900634765625,208.49600219726562,208.49600219726562,0
2026-02-17,209.25900268554688,209.25900268554688,207.24400329589844,209.32000732421875,0
2026-02-18,207.6719970703125,209.2100067138672,207.6199951171875,207.72799682617188,0
2026-02-19,208.74200439453125,209.52999877929688,208.07699584960938,208.7530059814453,0
2026-02-20,208.85000610351562,209.60400390625,208.38999938964844,208.84500122070312,0
2026-02-23,208.81300354003906,209.21200561523438,208.22799682617188,208.86700439453125,0
2026-02-24,208.68699645996094,210.8300018310547,208.68699645996094,208.6909942626953,0
2026-02-25,210.4199981689453,212.0,210.00999450683594,210.3719940185547,0
2026-02-26,211.697998046875,211.7689971923828,210.6820068359375,211.76600646972656,0
2026-02-27,210.28399658203125,210.8209991455078,209.79299926757812,210.26499938964844,0
2026-03-02,209.947998046875,211.35899353027344,209.37600708007812,209.98199462890625,0
2026-03-03,210.86399841308594,211.3209991455078,209.22999572753906,210.8730010986328,0
2026-03-04,210.64300537109375,210.64300537109375,209.48899841308594,210.66000366210938,0
2026-03-05,209.8470001220703,210.61199951171875,209.1750030517578,209.85400390625,0
2026-03-06,210.38099670410156,211.21299743652344,210.28500366210938,210.4149932861328,0
2026-03-09,210.7519989013672,212.02000427246094,210.6719970703125,210.71800231933594,0
2026-03-10,211.88900756835938,212.38999938964844,211.58900451660156,211.8699951171875,0
2026-03-11,212.1490020751953,213.0469970703125,212.13099670410156,212.15899658203125,0
2026-03-12,212.8679962158203,212.99899291992188,212.41600036621094,212.87100219726562,0
2026-03-13,212.56900024414062,212.79986572265625,211.13499450683594,212.56100463867188,0
2026-03-16,211.33099365234375,211.8990020751953,210.8090057373047,211.3699951171875,0
2026-03-17,211.82000732421875,212.25999450683594,211.63400268554688,211.82200622558594,0
2026-03-18,212.2239990234375,212.6020050048828,211.96099853515625,212.23699951171875,0
2026-03-19,211.96200561523438,212.33700561523438,210.83799743652344,211.94000244140625,0
2026-03-20,211.968994140625,212.75,211.76600646972656,212.01300048828125,0
2026-03-23,212.44400024414062,212.74000549316406,211.70399475097656,212.34800720214844,0
